,open_time,open,high,low,close,volume,market_name
0,2019-06-30T16:00:00.000Z,0.016,0.02659,0.016,0.01983,201209469.5472,WXT-USDT
