,open_time,open,high,low,close,volume,market_name
0,2019-06-30T16:00:00.000Z,0.00000288,0.00000288,0.00000288,0.00000288,0,WXT-BTC
